Workbook

Sheet Dashboard
A1: Sales Analysis Dashboard - 2025
A3: KEY METRICS
A4: Total Sales (Rs) | B4: =SUM(Data!H2:H151) -> 14830500
A5: Total Orders | B5: =COUNTA(Data!A2:A151) -> 150
A6: Average Order Value (Rs) | B6: =IFERROR(B4/B5,0) -> 98870
A7: Units Sold | B7: =SUM(Data!F2:F151) -> 677
A8: Top Region | B8: =INDEX(A12:A15,MATCH(MAX(B12:B15),B12:B15,0)) -> South
A9: Top Product | B9: =INDEX(A20:A24,MATCH(MAX(B20:B24),B20:B24,0)) -> Laptop
A10: SALES BY REGION
A11: Region | B11: Sales (Rs) | C11: % of Total
A12: North | B12: =SUMIFS(Data!$H$2:$H$151,Data!$D$2:$D$151,A12) -> 3645000 | C12: =IFERROR(B12/$B$4,0) -> 0.24577728
A13: South | B13: =SUMIFS(Data!$H$2:$H$151,Data!$D$2:$D$151,A13) -> 4848000 | C13: =IFERROR(B13/$B$4,0) -> 0.3268939
A14: East | B14: =SUMIFS(Data!$H$2:$H$151,Data!$D$2:$D$151,A14) -> 3926500 | C14: =IFERROR(B14/$B$4,0) -> 0.26475844
A15: West | B15: =SUMIFS(Data!$H$2:$H$151,Data!$D$2:$D$151,A15) -> 2411000 | C15: =IFERROR(B15/$B$4,0) -> 0.16257038
A18: SALES BY PRODUCT
A19: Product | B19: Sales (Rs) | C19: Units Sold
A20: Laptop | B20: =SUMIFS(Data!$H$2:$H$151,Data!$E$2:$E$151,A20) -> 7755000 | C20: =SUMIFS(Data!$F$2:$F$151,Data!$E$2:$E$151,A20) -> 141
A21: Mobile | B21: =SUMIFS(Data!$H$2:$H$151,Data!$E$2:$E$151,A21) -> 3132000 | C21: =SUMIFS(Data!$F$2:$F$151,Data!$E$2:$E$151,A21) -> 174
A22: Tablet | B22: =SUMIFS(Data!$H$2:$H$151,Data!$E$2:$E$151,A22) -> 2970000 | C22: =SUMIFS(Data!$F$2:$F$151,Data!$E$2:$E$151,A22) -> 135
A23: Headphones | B23: =SUMIFS(Data!$H$2:$H$151,Data!$E$2:$E$151,A23) -> 277500 | C23: =SUMIFS(Data!$F$2:$F$151,Data!$E$2:$E$151,A23) -> 111
A24: Smart Watch | B24: =SUMIFS(Data!$H$2:$H$151,Data!$E$2:$E$151,A24) -> 696000 | C24: =SUMIFS(Data!$F$2:$F$151,Data!$E$2:$E$151,A24) -> 116
A27: MONTHLY SALES TREND
A28: Month | B28: Month No | C28: Sales (Rs)
A29: Jan | B29: 1 | C29: =SUMIFS(Data!$H$2:$H$151,Data!$C$2:$C$151,B29) -> 1894000
A30: Feb | B30: 2 | C30: =SUMIFS(Data!$H$2:$H$151,Data!$C$2:$C$151,B30) -> 1239500
A31: Mar | B31: 3 | C31: =SUMIFS(Data!$H$2:$H$151,Data!$C$2:$C$151,B31) -> 781000
A32: Apr | B32: 4 | C32: =SUMIFS(Data!$H$2:$H$151,Data!$C$2:$C$151,B32) -> 1636000
A33: May | B33: 5 | C33: =SUMIFS(Data!$H$2:$H$151,Data!$C$2:$C$151,B33) -> 1056500
A34: Jun | B34: 6 | C34: =SUMIFS(Data!$H$2:$H$151,Data!$C$2:$C$151,B34) -> 371500
A35: Jul | B35: 7 | C35: =SUMIFS(Data!$H$2:$H$151,Data!$C$2:$C$151,B35) -> 1047000
A36: Aug | B36: 8 | C36: =SUMIFS(Data!$H$2:$H$151,Data!$C$2:$C$151,B36) -> 1761000
A37: Sep | B37: 9 | C37: =SUMIFS(Data!$H$2:$H$151,Data!$C$2:$C$151,B37) -> 456000
A38: Oct | B38: 10 | C38: =SUMIFS(Data!$H$2:$H$151,Data!$C$2:$C$151,B38) -> 1285000
A39: Nov | B39: 11 | C39: =SUMIFS(Data!$H$2:$H$151,Data!$C$2:$C$151,B39) -> 1726000
A40: Dec | B40: 12 | C40: =SUMIFS(Data!$H$2:$H$151,Data!$C$2:$C$151,B40) -> 1577000
A42: All figures are calculated with SUMIFS/COUNTA/INDEX-MATCH formulas from the Data sheet and update automatically.

Sheet Data
A1: Order ID | B1: Order Date | C1: Month No | D1: Region | E1: Product | F1: Quantity | G1: Unit Price (Rs) | H1: Sales (Rs) | J1: Note: sample practice dataset created for this project (not real company data).
A2: ORD1001 | B2: 45823 | C2: =MONTH(B2) -> 6 | D2: West | E2: Mobile | F2: 1 | G2: 18000 | H2: =F2*G2 -> 18000
A3: ORD1002 | B3: 45695 | C3: =MONTH(B3) -> 2 | D3: North | E3: Smart Watch | F3: 6 | G3: 6000 | H3: =F3*G3 -> 36000
A4: ORD1003 | B4: 45956 | C4: =MONTH(B4) -> 10 | D4: South | E4: Laptop | F4: 1 | G4: 55000 | H4: =F4*G4 -> 55000
A5: ORD1004 | B5: 45702 | C5: =MONTH(B5) -> 2 | D5: West | E5: Headphones | F5: 2 | G5: 2500 | H5: =F5*G5 -> 5000
A6: ORD1005 | B6: 45781 | C6: =MONTH(B6) -> 5 | D6: West | E6: Laptop | F6: 1 | G6: 55000 | H6: =F6*G6 -> 55000
A7: ORD1006 | B7: 45947 | C7: =MONTH(B7) -> 10 | D7: South | E7: Laptop | F7: 1 | G7: 55000 | H7: =F7*G7 -> 55000
A8: ORD1007 | B8: 45953 | C8: =MONTH(B8) -> 10 | D8: West | E8: Smart Watch | F8: 1 | G8: 6000 | H8: =F8*G8 -> 6000
A9: ORD1008 | B9: 45771 | C9: =MONTH(B9) -> 4 | D9: South | E9: Laptop | F9: 5 | G9: 55000 | H9: =F9*G9 -> 275000
A10: ORD1009 | B10: 45872 | C10: =MONTH(B10) -> 8 | D10: North | E10: Mobile | F10: 5 | G10: 18000 | H10: =F10*G10 -> 90000
A11: ORD1010 | B11: 45944 | C11: =MONTH(B11) -> 10 | D11: North | E11: Mobile | F11: 4 | G11: 18000 | H11: =F11*G11 -> 72000
A12: ORD1011 | B12: 45848 | C12: =MONTH(B12) -> 7 | D12: North | E12: Laptop | F12: 1 | G12: 55000 | H12: =F12*G12 -> 55000
A13: ORD1012 | B13: 45974 | C13: =MONTH(B13) -> 11 | D13: West | E13: Mobile | F13: 7 | G13: 18000 | H13: =F13*G13 -> 126000
... A151: ORD1150 | B151: 45806 | C151: =MONTH(B151) -> 5 | D151: East | E151: Smart Watch | F151: 8 | G151: 6000 | H151: =F151*G151 -> 48000
